t,Date,XOM,CVX,COP,EOG
1,1/19/16,76.400002,81.510002,36.400002,60.98
2,1/20/16,73.18,78.980003,34.75,60.240002000000004
3,1/21/16,74.099998,81.050003,36.91,63.75
4,1/22/16,76.57,83.540001,37.669998,66.019997
5,1/25/16,73.980003,80.889999,34.200001,61.59
6,1/26/16,76.699997,84.120003,35.349998,66.029999
7,1/27/16,75.290001,83.290001,36.209998999999996,66.07
8,1/28/16,76.989998,85.91999799999999,38.02,68.629997
9,1/29/16,77.849998,86.470001,39.080002,71.019997
10,2/1/16,76.290001,85.290001,38.599998,69.089996
11,2/2/16,74.589996,81.239998,36.59,67.160004
12,2/3/16,78.480003,84.620003,38.630001,70.190002
13,2/4/16,79.83000200000001,84.790001,35.32,68.440002
14,2/5/16,80.08000200000001,82.879997,32.900002,67.059998
15,2/8/16,81.160004,85.989998,34.43,68.43
16,2/9/16,80.08000200000001,82.91999799999999,33.580002,65.589996
17,2/10/16,79.349998,83.040001,32.34,65.790001
18,2/11/16,79.599998,82.989998,31.879998999999998,65.559998
19,2/12/16,81.029999,85.43,32.900002,67.699997
20,2/16/16,81.220001,84.809998,32.759997999999996,67.889999
21,2/17/16,82.0,88.309998,33.91,70.82
22,2/18/16,82.449997,86.730003,33.700001,69.459999
23,2/19/16,82.5,86.5,32.869999,69.709999
24,2/22/16,82.389999,88.82,34.450001,72.209999
25,2/23/16,81.230003,84.910004,32.919998,68.019997
26,2/24/16,81.519997,85.269997,32.959998999999996,69.519997
27,2/25/16,82.010002,85.300003,33.060001,68.5
28,2/26/16,81.75,84.349998,34.119999,67.5
29,2/29/16,80.150002,83.440002,33.830002,64.739998
30,3/1/16,81.279999,86.129997,34.459998999999996,65.019997
31,3/2/16,82.699997,87.139999,36.490002000000004,67.0
32,3/3/16,82.400002,87.529999,38.560001,69.25
33,3/4/16,82.290001,87.93,41.119999,71.410004
34,3/7/16,84.459999,90.66999799999999,41.400002,75.470001
35,3/8/16,82.629997,88.739998,38.619999,70.559998
36,3/9/16,82.400002,92.82,39.049999,72.260002
37,3/10/16,82.18,93.940002,39.029999,72.269997
38,3/11/16,82.190002,94.58000200000001,40.52,75.18
39,3/14/16,82.410004,94.260002,40.009997999999996,74.779999
40,3/15/16,82.82,94.269997,39.830002,73.610001
41,3/16/16,82.870003,95.400002,41.869999,75.040001
42,3/17/16,84.099998,96.889999,43.009997999999996,76.5
43,3/18/16,84.199997,97.690002,43.02,75.629997
44,3/21/16,83.620003,96.440002,42.580002,75.959999
45,3/22/16,84.120003,95.5,41.919998,75.900002
46,3/23/16,83.75,93.589996,39.849998,74.339996
47,3/24/16,83.980003,94.849998,40.040001000000004,74.300003
48,3/28/16,84.220001,94.68,39.68,74.529999
49,3/29/16,84.529999,95.32,39.619999,75.449997
50,3/30/16,84.519997,95.25,40.080002,73.660004
51,3/31/16,83.589996,95.400002,40.27,72.58000200000001
52,4/1/16,82.959999,94.260002,39.779999,72.040001
53,4/4/16,83.160004,93.43,39.099998,70.309998
54,4/5/16,82.209999,92.66999799999999,39.040001000000004,70.540001
55,4/6/16,83.309998,94.839996,40.75,71.220001
56,4/7/16,82.370003,94.790001,40.310001,71.449997
57,4/8/16,83.209999,96.33000200000001,41.23,73.470001
58,4/11/16,83.32,95.239998,41.189999,74.010002
59,4/12/16,84.349998,97.510002,43.470001,77.510002
60,4/13/16,84.83000200000001,97.599998,43.580002,77.779999
61,4/14/16,85.43,97.980003,44.220001,77.809998
62,4/15/16,84.970001,97.230003,43.700001,75.709999
63,4/18/16,85.779999,98.699997,45.0,77.440002
64,4/19/16,86.209999,100.5,47.060001,79.129997
65,4/20/16,86.800003,101.690002,47.080002,79.370003
66,4/21/16,86.790001,101.400002,46.23,79.160004
67,4/22/16,87.529999,102.010002,47.619999,80.91999799999999
68,4/25/16,87.33000200000001,101.510002,46.27,79.760002
69,4/26/16,87.629997,102.290001,48.080002,82.779999
70,4/27/16,88.459999,103.849998,48.110001000000004,84.510002
71,4/28/16,88.029999,102.400002,47.669998,81.889999
72,4/29/16,88.400002,102.18,47.790001000000004,82.620003
73,5/2/16,89.129997,103.309998,46.849998,82.779999
74,5/3/16,88.110001,101.32,45.080002,80.629997
75,5/4/16,87.940002,100.589996,43.41,79.339996
76,5/5/16,88.040001,101.41999799999999,43.209998999999996,81.260002
77,5/6/16,88.510002,101.860001,42.759997999999996,78.68
78,5/9/16,88.57,100.349998,41.650002,78.639999
79,5/10/16,89.989998,101.269997,42.869999,79.730003
80,5/11/16,88.809998,101.139999,43.68,80.32
81,5/12/16,89.66999799999999,102.120003,43.73,80.5
82,5/13/16,88.660004,100.739998,43.02,78.650002
83,5/16/16,89.57,102.290001,44.080002,80.690002
84,5/17/16,89.529999,100.75,43.779999,81.57
85,5/18/16,89.349998,100.059998,43.34,80.410004
86,5/19/16,90.110001,99.849998,43.360001000000004,80.08000200000001
87,5/20/16,89.739998,99.790001,43.580002,80.91999799999999
88,5/23/16,89.599998,99.379997,43.59,81.269997
89,5/24/16,89.66999799999999,100.190002,43.459998999999996,82.489998
90,5/25/16,90.260002,101.769997,44.900002,83.08000200000001
91,5/26/16,89.800003,101.5,44.73,82.300003
92,5/27/16,90.010002,102.019997,44.330002,81.57
93,5/31/16,89.019997,101.0,43.790001000000004,81.360001
94,6/1/16,89.239998,101.129997,44.060001,80.75
95,6/2/16,88.529999,100.529999,44.380001,80.489998
96,6/3/16,88.370003,100.660004,44.18,79.709999
97,6/6/16,89.339996,101.16999799999999,45.52,81.269997
98,6/7/16,90.709999,103.32,47.540001000000004,85.41999799999999
99,6/8/16,90.790001,103.089996,47.490002000000004,85.360001
100,6/9/16,90.66999799999999,102.809998,46.57,84.58000200000001
101,6/10/16,89.980003,101.980003,44.509997999999996,81.559998
102,6/13/16,90.589996,102.099998,43.880001,81.389999
103,6/14/16,90.43,101.279999,44.32,82.980003
104,6/15/16,90.160004,100.629997,43.709998999999996,82.440002
105,6/16/16,91.220001,101.07,43.16,80.18
106,6/17/16,90.720001,101.57,44.150002,80.889999
107,6/20/16,91.120003,102.610001,44.689999,83.190002
108,6/21/16,91.529999,103.239998,44.799999,84.910004
109,6/22/16,91.16999799999999,102.290001,43.990002000000004,83.599998
110,6/23/16,91.800003,104.440002,45.630001,84.5
111,6/24/16,89.389999,101.900002,43.169998,81.059998
112,6/27/16,88.860001,100.360001,40.779999,78.589996
113,6/28/16,90.910004,101.629997,41.950001,81.75
114,6/29/16,92.459999,103.41999799999999,43.91,83.440002
115,6/30/16,93.739998,104.83000200000001,43.599998,83.41999799999999
116,7/1/16,93.839996,104.150002,43.509997999999996,84.779999
117,7/5/16,93.019997,103.57,41.700001,82.760002
118,7/6/16,94.089996,104.58000200000001,41.900002,82.760002
119,7/7/16,92.959999,103.050003,41.509997999999996,81.610001
120,7/8/16,93.540001,104.769997,42.299999,82.540001
121,7/11/16,93.889999,105.389999,42.450001,82.900002
122,7/12/16,94.949997,106.779999,43.799999,85.139999
123,7/13/16,94.879997,106.650002,42.869999,83.839996
124,7/14/16,94.949997,106.699997,43.02,84.629997
125,7/15/16,95.120003,107.029999,42.939999,84.099998
126,7/18/16,94.82,106.089996,42.709998999999996,83.25
127,7/19/16,94.470001,106.040001,41.91,82.040001
128,7/20/16,93.93,105.589996,42.029999,82.110001
129,7/21/16,93.849998,105.389999,41.040001000000004,81.489998
130,7/22/16,94.010002,105.660004,40.759997999999996,80.980003
131,7/25/16,92.199997,103.07,40.240002000000004,78.75
132,7/26/16,91.529999,102.68,40.790001000000004,80.449997
133,7/27/16,90.910004,102.260002,40.07,79.779999
134,7/28/16,90.199997,101.790001,40.259997999999996,79.900002
135,7/29/16,88.949997,102.480003,40.82,81.699997
136,8/1/16,85.860001,99.110001,39.610001000000004,78.699997
137,8/2/16,87.040001,99.589996,39.790001000000004,79.889999
138,8/3/16,87.489998,100.610001,40.310001,82.370003
139,8/4/16,87.480003,100.389999,40.099998,84.239998
140,8/5/16,87.559998,100.510002,40.599998,90.160004
141,8/8/16,88.589996,101.199997,41.560001,90.660004
142,8/9/16,88.699997,101.32,41.240002000000004,90.379997
143,8/10/16,86.410004,100.139999,40.599998,89.41999799999999
144,8/11/16,86.720001,101.400002,41.389998999999996,90.279999
145,8/12/16,87.849998,102.160004,41.369999,91.199997
146,8/15/16,87.809998,102.769997,42.18,90.550003
147,8/16/16,87.91999799999999,102.620003,42.860001000000004,90.260002
148,8/17/16,88.110001,102.220001,43.200001,90.220001
149,8/18/16,88.910004,103.550003,43.59,91.730003
150,8/19/16,87.800003,102.32,43.32,91.760002
151,8/22/16,87.989998,101.940002,42.630001,91.16999799999999
152,8/23/16,87.720001,101.68,43.220001,91.209999
153,8/24/16,88.019997,102.199997,42.959998999999996,90.730003
154,8/25/16,87.459999,101.889999,42.779999,90.25
155,8/26/16,87.269997,101.32,42.299999,90.18
156,8/29/16,87.839996,102.050003,42.349998,91.139999
157,8/30/16,87.519997,101.699997,42.23,90.07
158,8/31/16,87.139999,100.58000200000001,41.049999,88.489998
159,9/1/16,86.839996,100.209999,40.599998,88.550003
160,9/2/16,87.41999799999999,100.93,40.919998,88.910004
161,9/6/16,88.57,102.43,41.0,94.83000200000001
162,9/7/16,88.239998,102.879997,41.48,94.32
163,9/8/16,89.050003,104.120003,43.279999,95.43
164,9/9/16,86.839996,101.269997,42.25,92.650002
165,9/12/16,87.290001,102.25,42.669998,92.980003
166,9/13/16,85.209999,99.43,41.009997999999996,90.400002
167,9/14/16,84.599998,98.41999799999999,39.990002000000004,88.449997
168,9/15/16,85.08000200000001,99.5,40.029999,90.949997
169,9/16/16,84.029999,97.839996,39.869999,90.970001
170,9/19/16,83.83000200000001,98.040001,39.279999,90.050003
171,9/20/16,82.540001,97.699997,39.009997999999996,90.400002
172,9/21/16,83.300003,99.629997,40.060001,93.519997
173,9/22/16,83.540001,99.980003,41.02,92.610001
174,9/23/16,83.449997,99.220001,39.939999,89.75
175,9/26/16,83.059998,98.779999,40.02,89.260002
176,9/27/16,83.239998,98.980003,39.43,88.559998
177,9/28/16,86.900002,102.150002,42.18,93.959999
178,9/29/16,86.459999,101.269997,43.66,95.050003
179,9/30/16,87.279999,102.91999799999999,43.470001,96.709999
180,10/3/16,87.050003,102.449997,43.43,96.110001
181,10/4/16,86.25,101.269997,42.869999,95.139999
182,10/5/16,87.0,102.230003,43.91,97.379997
183,10/6/16,87.040001,102.18,44.52,97.139999
184,10/7/16,86.739998,102.269997,44.220001,96.440002
185,10/10/16,88.440002,103.980003,44.389998999999996,97.290001
186,10/11/16,87.739998,103.040001,43.330002,96.050003
187,10/12/16,87.129997,102.150002,43.470001,96.300003
188,10/13/16,86.559998,100.790001,42.150002,95.5
189,10/14/16,86.540001,101.08000200000001,41.669998,94.480003
190,10/17/16,86.540001,101.360001,41.099998,93.779999
191,10/18/16,86.769997,101.790001,40.650002,93.129997
192,10/19/16,87.16999799999999,102.269997,41.720001,95.059998
193,10/20/16,87.209999,101.870003,41.490002000000004,94.910004
194,10/21/16,86.620003,101.300003,41.540001000000004,93.879997
195,10/24/16,86.910004,100.660004,42.240002000000004,93.620003
196,10/25/16,86.720001,100.769997,41.810001,92.66999799999999
197,10/26/16,87.089996,101.190002,41.799999,92.139999
198,10/27/16,86.91999799999999,99.91999799999999,44.0,91.739998
199,10/28/16,84.779999,103.82,44.970001,90.800003
200,10/31/16,83.32,104.75,43.450001,90.41999799999999
201,11/1/16,83.650002,106.480003,43.540001000000004,91.160004
202,11/2/16,83.449997,105.389999,43.23,90.940002
203,11/3/16,83.660004,105.389999,43.599998,92.08000200000001
204,11/4/16,83.57,104.779999,42.759997999999996,91.800003
205,11/7/16,85.449997,106.849998,43.919998,93.43
206,11/8/16,85.309998,107.290001,44.330002,93.360001
207,11/9/16,86.25,107.639999,45.73,93.43
208,11/10/16,87.050003,107.790001,44.779999,92.629997
209,11/11/16,85.66999799999999,106.639999,43.939999,91.410004
210,11/14/16,85.279999,106.589996,44.130001,92.68
211,11/15/16,86.82,108.959999,45.279999,94.57
212,11/16/16,85.75,108.349998,44.380001,95.220001
213,11/17/16,85.230003,108.120003,43.610001000000004,92.339996
214,11/18/16,85.279999,109.199997,44.759997999999996,93.150002
215,11/21/16,86.489998,110.18,46.360001000000004,95.66999799999999
216,11/22/16,86.68,110.620003,46.07,95.269997
217,11/23/16,86.91999799999999,111.0,46.299999,97.0
218,11/25/16,87.120003,111.0,45.75,95.980003
219,11/28/16,86.470001,110.5,45.5,93.470001
220,11/29/16,85.900002,109.339996,44.23,92.440002
221,11/30/16,87.300003,111.559998,48.52,102.519997
222,12/1/16,87.239998,113.290001,48.220001,104.75
223,12/2/16,87.040001,113.0,48.119999,103.739998
224,12/5/16,87.480003,113.25,48.880001,104.459999
225,12/6/16,87.559998,112.760002,49.900002,103.970001
226,12/7/16,88.07,114.440002,49.900002,103.529999
227,12/8/16,88.32,115.16999799999999,49.779999,104.93
228,12/9/16,89.0,115.809998,50.77,106.449997
229,12/12/16,90.980003,117.150002,51.380001,105.83000200000001
230,12/13/16,92.58000200000001,117.41999799999999,52.639998999999996,108.010002
231,12/14/16,90.58000200000001,115.959999,51.490002000000004,104.209999
232,12/15/16,90.889999,117.050003,51.740002000000004,103.91999799999999
233,12/16/16,91.18,118.08000200000001,51.939999,104.0
234,12/19/16,90.41999799999999,117.650002,51.98,103.480003
235,12/20/16,90.43,117.949997,51.549999,103.160004
236,12/21/16,90.279999,117.910004,51.48,102.550003
237,12/22/16,90.870003,118.769997,51.540001000000004,103.129997
238,12/23/16,90.709999,118.41999799999999,51.369999,102.029999
239,12/27/16,90.75,118.220001,51.599998,102.540001
240,12/28/16,90.300003,117.910004,50.77,101.650002
241,12/29/16,90.349998,117.82,50.540001000000004,101.279999
242,12/30/16,90.260002,117.699997,50.139998999999996,101.099998
243,1/3/17,90.889999,117.849998,50.610001000000004,103.540001
244,1/4/17,89.889999,117.82,51.080002,103.620003
245,1/5/17,88.550003,117.309998,50.93,104.18
246,1/6/17,88.5,116.839996,50.740002000000004,105.209999
247,1/9/17,87.040001,115.839996,49.66,103.019997
248,1/10/17,85.93,114.959999,49.66,103.400002
249,1/11/17,86.809998,115.93,51.220001,104.91999799999999
250,1/12/17,86.339996,116.160004,50.150002,105.370003
251,1/13/17,86.349998,116.379997,50.59,105.389999
252,1/17/17,87.360001,116.279999,50.150002,105.480003
253,1/18/17,86.279999,115.940002,50.27,105.400002
254,1/19/17,84.730003,115.58000200000001,49.860001000000004,105.190002
255,1/20/17,85.889999,115.599998,50.73,105.470001
256,1/23/17,84.970001,115.389999,49.939999,103.459999
257,1/24/17,85.089996,116.370003,50.27,103.68
258,1/25/17,85.339996,117.239998,50.689999,103.900002
259,1/26/17,85.599998,116.550003,50.630001,104.389999
260,1/27/17,85.510002,113.790001,49.43,102.900002
261,1/30/17,84.860001,111.82,47.48,101.199997
262,1/31/17,83.889999,111.349998,48.759997999999996,101.58000200000001
263,2/1/17,82.940002,111.0,48.5,101.0
264,2/2/17,83.449997,112.209999,48.689999,99.709999
265,2/3/17,83.540001,113.57,50.43,100.940002
266,2/6/17,83.309998,112.980003,50.09,99.699997
267,2/7/17,82.769997,111.389999,49.419998,97.190002
268,2/8/17,81.480003,111.58000200000001,49.599998,98.139999
269,2/9/17,81.839996,112.260002,49.810001,99.809998
270,2/10/17,82.519997,113.050003,50.139998999999996,101.440002
271,2/13/17,83.0,113.910004,49.700001,100.349998
272,2/14/17,82.82,112.519997,50.139998999999996,101.230003
273,2/15/17,83.160004,112.57,49.360001000000004,100.75
274,2/16/17,82.300003,110.68,48.34,100.16999799999999
275,2/17/17,81.760002,110.33000200000001,47.509997999999996,99.029999
276,2/21/17,81.889999,111.720001,48.130001,99.470001
277,2/22/17,80.93,110.379997,47.099998,97.529999
278,2/23/17,81.779999,111.019997,47.299999,97.57
279,2/24/17,81.08000200000001,110.120003,47.040001000000004,96.300003
280,2/27/17,81.540001,111.75,47.360001000000004,97.910004
281,2/28/17,81.32,112.5,47.57,96.989998
282,3/1/17,83.019997,113.879997,49.049999,100.050003
283,3/2/17,83.300003,113.360001,48.209998999999996,98.470001
284,3/3/17,82.459999,113.550003,47.82,98.57
285,3/6/17,82.83000200000001,113.16999799999999,48.32,100.07
286,3/7/17,82.519997,111.809998,47.720001,99.529999
287,3/8/17,81.029999,109.610001,45.91,94.83000200000001
288,3/9/17,81.66999799999999,110.040001,46.48,95.699997
289,3/10/17,81.610001,110.610001,45.669998,94.790001
290,3/13/17,81.41999799999999,109.349998,45.84,94.949997
291,3/14/17,80.989998,107.360001,44.939999,94.589996
292,3/15/17,82.0,108.879997,45.84,97.059998
293,3/16/17,82.07,107.860001,45.84,95.83000200000001
294,3/17/17,82.0,107.68,45.689999,96.43
295,3/20/17,82.0,107.660004,45.860001000000004,96.220001
296,3/21/17,81.83000200000001,108.040001,45.18,94.529999
297,3/22/17,81.760002,108.389999,44.650002,94.650002
298,3/23/17,81.860001,107.870003,44.48,94.809998
299,3/24/17,81.230003,107.989998,44.099998,94.860001
300,3/27/17,81.25,106.279999,44.290001000000004,93.379997
301,3/28/17,81.839996,107.16999799999999,45.380001,95.290001
302,3/29/17,82.019997,108.07,45.950001,97.0
303,3/30/17,83.699997,107.779999,50.0,97.16999799999999
304,3/31/17,82.010002,107.370003,49.869999,97.550003
305,4/3/17,82.07,107.800003,49.450001,96.959999
306,4/4/17,82.370003,108.660004,49.73,98.25
307,4/5/17,82.529999,108.639999,49.110001000000004,97.58000200000001
308,4/6/17,83.010002,109.290001,49.810001,98.050003
309,4/7/17,82.760002,108.860001,49.540001000000004,97.360001
310,4/10/17,83.129997,109.43,50.150002,98.57
311,4/11/17,82.839996,108.970001,50.150002,97.879997
312,4/12/17,82.970001,108.970001,49.439999,97.489998
313,4/13/17,81.690002,106.099998,48.619999,95.639999
314,4/17/17,81.58000200000001,106.16999799999999,48.950001,95.739998
315,4/18/17,81.050003,105.68,48.689999,94.83000200000001
316,4/19/17,80.489998,104.230003,48.0,93.290001
317,4/20/17,81.010002,104.879997,47.950001,93.300003
318,4/21/17,80.690002,104.889999,47.740002000000004,93.58000200000001
319,4/24/17,81.110001,105.93,47.91,93.739998
320,4/25/17,81.730003,106.730003,48.790001000000004,95.269997
321,4/26/17,81.400002,106.08000200000001,48.34,94.309998
322,4/27/17,81.260002,105.470001,47.860001000000004,93.0
323,4/28/17,81.650002,106.699997,47.91,92.5
324,5/1/17,82.059998,105.91999799999999,47.48,92.029999
325,5/2/17,82.050003,105.360001,46.700001,91.870003
326,5/3/17,82.699997,106.720001,47.080002,91.760002
327,5/4/17,81.639999,104.809998,45.919998,88.599998
328,5/5/17,82.019997,105.790001,46.77,90.879997
329,5/8/17,82.889999,106.68,47.130001,91.690002
330,5/9/17,82.309998,105.08000200000001,46.27,91.639999
331,5/10/17,81.910004,106.5,47.610001000000004,94.540001
332,5/11/17,82.610001,106.209999,47.419998,94.279999
333,5/12/17,82.550003,105.959999,46.970001,94.699997
334,5/15/17,82.800003,106.849998,47.439999,94.730003
335,5/16/17,82.550003,107.25,47.130001,93.83000200000001
336,5/17/17,81.989998,104.699997,46.41,92.949997
337,5/18/17,81.75,105.16999799999999,46.419998,91.690002
338,5/19/17,81.93,106.519997,47.48,93.809998
339,5/22/17,82.290001,106.120003,46.93,93.110001
340,5/23/17,82.58000200000001,106.269997,46.759997999999996,92.529999
341,5/24/17,82.290001,106.220001,46.669998,92.66999799999999
342,5/25/17,81.75,105.110001,45.049999,91.019997
343,5/26/17,81.550003,104.720001,45.349998,91.220001
344,5/30/17,81.099998,104.059998,44.790001000000004,89.620003
345,5/31/17,80.5,103.480003,44.689999,90.309998
346,6/1/17,80.699997,104.269997,44.860001000000004,90.400002
347,6/2/17,79.5,103.110001,44.259997999999996,89.68
348,6/5/17,80.120003,103.190002,44.02,89.199997
349,6/6/17,81.209999,104.16999799999999,44.48,90.83000200000001
350,6/7/17,80.910004,103.769997,43.560001,88.150002
351,6/8/17,80.620003,104.0,43.07,88.110001
352,6/9/17,82.129997,106.400002,44.82,90.08000200000001
353,6/12/17,82.93,108.040001,45.720001,89.879997
354,6/13/17,82.959999,108.129997,46.43,90.559998
355,6/14/17,82.07,106.599998,45.419998,88.93
356,6/15/17,82.260002,106.33000200000001,45.389998999999996,87.040001
357,6/16/17,83.489998,108.349998,46.529999,88.519997
358,6/19/17,82.760002,107.459999,46.360001000000004,88.07
359,6/20/17,82.309998,106.480003,45.82,87.849998
360,6/21/17,81.440002,104.489998,44.950001,87.120003
361,6/22/17,81.08000200000001,104.449997,44.810001,87.690002
362,6/23/17,81.610001,105.0,44.830002,87.790001
363,6/26/17,81.239998,104.139999,44.23,87.389999
364,6/27/17,81.110001,104.07,43.970001,88.0
365,6/28/17,81.529999,104.279999,43.959998999999996,89.019997
366,6/29/17,80.699997,104.120003,44.080002,90.0
367,6/30/17,80.730003,104.33000200000001,43.959998999999996,90.519997
368,7/3/17,82.099998,106.300003,45.66,92.370003
369,7/5/17,80.849998,104.620003,44.16,90.300003
370,7/6/17,80.120003,103.82,43.310001,88.629997
371,7/7/17,80.220001,103.489998,43.0,88.440002
372,7/10/17,80.160004,103.040001,43.240002000000004,89.620003
373,7/11/17,80.599998,103.120003,43.349998,90.629997
374,7/12/17,80.959999,103.889999,43.240002000000004,90.57
375,7/13/17,80.970001,104.129997,43.25,91.809998
376,7/14/17,81.279999,104.440002,43.450001,91.870003
377,7/17/17,80.860001,104.209999,43.189999,91.900002
378,7/18/17,80.599998,103.720001,43.07,91.699997
379,7/19/17,80.849998,104.459999,43.66,94.309998
380,7/20/17,80.860001,104.629997,43.23,93.660004
381,7/21/17,80.120003,103.25,42.650002,92.910004
382,7/24/17,79.870003,103.199997,42.610001000000004,93.309998
383,7/25/17,80.269997,104.389999,43.650002,94.870003
384,7/26/17,80.370003,105.120003,43.700001,94.75
385,7/27/17,80.83000200000001,106.110001,44.66,95.980003
386,7/28/17,79.599998,108.120003,45.259997999999996,95.41999799999999
387,7/31/17,80.040001,109.190002,45.369999,95.139999
388,8/1/17,80.16999799999999,110.779999,44.75,94.459999
389,8/2/17,80.599998,110.459999,45.610001000000004,92.32
390,8/3/17,80.489998,109.43,44.91,88.900002
391,8/4/17,80.209999,110.110001,45.560001,90.449997
392,8/7/17,80.160004,109.779999,45.169998,89.66999799999999
393,8/8/17,79.959999,110.349998,45.630001,91.150002
394,8/9/17,80.209999,110.889999,45.650002,90.349998
395,8/10/17,78.970001,110.110001,44.970001,89.120003
396,8/11/17,78.209999,109.230003,44.790001000000004,88.529999
397,8/14/17,78.230003,108.709999,44.540001000000004,87.989998
398,8/15/17,78.040001,108.57,44.5,87.019997
399,8/16/17,77.470001,106.839996,43.689999,84.980003
400,8/17/17,76.260002,105.91999799999999,43.0,83.379997
401,8/18/17,76.639999,106.480003,43.110001000000004,84.089996
402,8/21/17,76.379997,105.779999,42.5,83.690002
403,8/22/17,76.739998,106.360001,43.189999,84.239998
404,8/23/17,76.610001,106.610001,43.689999,85.110001
405,8/24/17,76.33000200000001,107.440002,43.299999,84.620003
406,8/25/17,76.720001,108.230003,43.580002,84.510002
407,8/28/17,76.470001,107.760002,43.049999,83.400002
408,8/29/17,76.449997,107.860001,42.849998,83.150002
409,8/30/17,76.099998,107.730003,43.41,83.66999799999999
410,8/31/17,76.33000200000001,107.620003,43.66,84.989998
411,9/1/17,76.57,108.760002,44.240002000000004,85.650002
412,9/5/17,77.18,109.440002,44.389998999999996,85.870003
413,9/6/17,78.779999,111.790001,45.060001,87.849998
414,9/7/17,79.029999,111.800003,45.110001000000004,88.599998
415,9/8/17,78.82,110.779999,44.470001,86.779999
416,9/11/17,79.25,112.519997,44.93,87.93
417,9/12/17,79.5,112.489998,44.93,88.470001
418,9/13/17,79.769997,114.18,45.560001,91.099998
419,9/14/17,80.089996,114.449997,45.830002,91.779999
420,9/15/17,80.07,114.629997,46.509997999999996,93.220001
421,9/18/17,80.089996,115.190002,47.09,93.050003
422,9/19/17,80.220001,116.339996,47.549999,93.129997
423,9/20/17,80.550003,116.370003,48.330002,94.18
424,9/21/17,79.889999,116.470001,48.689999,93.889999
425,9/22/17,79.91999799999999,117.290001,49.080002,94.550003
426,9/25/17,80.980003,117.989998,49.98,96.290001
427,9/26/17,80.889999,117.519997,49.669998,96.870003
428,9/27/17,81.43,117.449997,50.220001,97.32
429,9/28/17,82.190002,117.620003,50.0,96.82
430,9/29/17,81.980003,117.5,50.049999,96.739998
431,10/2/17,81.629997,117.43,50.310001,97.18
432,10/3/17,81.760002,117.82,49.240002000000004,96.5
433,10/4/17,81.790001,117.58000200000001,49.310001,96.33000200000001
434,10/5/17,82.019997,118.58000200000001,49.700001,96.550003
435,10/6/17,81.709999,117.029999,48.860001000000004,96.190002
436,10/9/17,82.029999,117.709999,48.91,96.5
437,10/10/17,82.260002,118.800003,49.189999,96.779999
438,10/11/17,82.599998,119.33000200000001,49.599998,96.93
439,10/12/17,82.43,119.139999,49.810001,96.650002
440,10/13/17,82.410004,119.160004,49.400002,96.620003
441,10/16/17,82.809998,120.129997,49.720001,97.209999
442,10/17/17,82.959999,120.220001,49.720001,97.449997
443,10/18/17,82.760002,118.150002,49.709998999999996,96.660004
444,10/19/17,82.739998,118.199997,49.709998999999996,95.760002
445,10/20/17,83.110001,118.639999,50.25,96.839996
446,10/23/17,83.239998,118.93,50.259997999999996,96.970001
447,10/24/17,83.470001,119.230003,50.990002000000004,96.480003
448,10/25/17,83.16999799999999,118.440002,49.959998999999996,96.150002
449,10/26/17,83.470001,118.440002,51.459998999999996,96.91999799999999
450,10/27/17,83.709999,113.540001,51.209998999999996,98.470001
451,10/30/17,83.540001,114.389999,51.389998999999996,99.529999
452,10/31/17,83.349998,115.889999,51.150002,99.870003
453,11/1/17,83.870003,115.900002,52.099998,102.290001
454,11/2/17,83.529999,115.33000200000001,52.48,102.949997
455,11/3/17,83.18,114.989998,52.959998999999996,104.5
456,11/6/17,83.75,117.040001,53.669998,106.959999
457,11/7/17,83.58000200000001,117.239998,53.48,106.089996
458,11/8/17,83.470001,116.66999799999999,53.52,104.33000200000001
459,11/9/17,83.970001,117.239998,53.529999,104.779999
460,11/10/17,82.940002,117.18,52.990002000000004,104.58000200000001
461,11/13/17,82.889999,117.230003,52.57,104.459999
462,11/14/17,82.239998,116.91999799999999,51.23,102.470001
463,11/15/17,81.209999,116.449997,50.490002000000004,101.360001
464,11/16/17,80.559998,114.57,50.220001,101.43
465,11/17/17,80.239998,114.709999,50.130001,101.639999
466,11/20/17,80.550003,114.720001,50.080002,101.440002
467,11/21/17,80.870003,115.16999799999999,50.009997999999996,101.660004
468,11/22/17,81.099998,115.910004,50.220001,101.589996
469,11/24/17,81.41999799999999,116.510002,50.470001,101.660004
470,11/27/17,81.110001,115.589996,49.16,99.82
471,11/28/17,81.66999799999999,116.449997,50.130001,99.839996
472,11/29/17,82.269997,117.18,50.73,100.5
473,11/30/17,83.290001,118.989998,50.880001,102.32
474,12/1/17,83.459999,119.510002,51.740002000000004,102.910004
475,12/4/17,83.57,120.839996,51.290001000000004,101.050003
476,12/5/17,82.889999,120.389999,51.23,100.900002
477,12/6/17,82.279999,119.610001,50.380001,98.860001
478,12/7/17,82.550003,119.629997,50.540001000000004,99.720001
479,12/8/17,82.660004,119.91999799999999,51.57,100.389999
480,12/11/17,83.029999,120.41999799999999,51.689999,101.209999
481,12/12/17,82.760002,119.68,51.959998999999996,100.279999
482,12/13/17,83.120003,119.93,51.68,99.940002
483,12/14/17,82.900002,119.529999,52.310001,99.639999
484,12/15/17,83.029999,119.730003,52.169998,98.550003
485,12/18/17,82.940002,119.699997,52.34,99.910004
486,12/19/17,82.440002,119.839996,52.68,101.43
487,12/20/17,82.870003,120.889999,54.25,103.540001
488,12/21/17,83.849998,124.82,55.950001,106.349998
489,12/22/17,83.970001,124.980003,55.5,107.110001
490,12/26/17,83.980003,125.980003,56.23,109.410004
491,12/27/17,83.900002,125.550003,55.59,108.360001
492,12/28/17,84.019997,125.58000200000001,55.18,108.449997
493,12/29/17,83.639999,125.190002,54.889998999999996,107.910004
494,1/2/18,85.029999,127.58000200000001,55.32,109.300003
495,1/3/18,86.699997,128.509995,56.34,110.93
496,1/4/18,86.82,128.110001,56.990002000000004,110.949997
497,1/5/18,86.75,127.900002,56.880001,112.16999799999999
498,1/8/18,87.139999,128.529999,57.459998999999996,112.709999
499,1/9/18,86.769997,127.839996,57.93,111.709999
500,1/10/18,86.08000200000001,128.66000400000001,57.650002,112.010002
501,1/11/18,86.93,132.570007,59.18,115.139999
502,1/12/18,87.519997,133.600006,60.049999,115.699997
503,1/16/18,86.970001,132.009995,58.84,113.389999
504,1/17/18,88.0,132.360001,59.860001000000004,113.529999
505,1/18/18,87.43,131.58999599999999,59.759997999999996,114.239998
506,1/19/18,87.150002,131.300003,59.75,114.370003
507,1/22/18,88.25,132.559998,60.669998,116.82
508,1/23/18,88.300003,131.020004,60.470001,117.839996
509,1/24/18,88.529999,131.389999,60.490002000000004,118.470001
510,1/25/18,88.370003,130.649994,59.48,117.449997
511,1/26/18,89.0,131.190002,60.389998999999996,117.760002
512,1/29/18,88.010002,128.479996,59.66,116.58000200000001
513,1/30/18,86.779999,125.230003,58.459998999999996,115.16999799999999
514,1/31/18,87.300003,125.349998,58.810001,115.0
515,2/1/18,89.07,125.57,59.349998,116.519997
516,2/2/18,84.529999,118.58000200000001,57.720001,112.83000200000001
517,2/5/18,79.720001,112.620003,55.939999,109.559998
518,2/6/18,78.349998,117.18,55.939999,108.269997
519,2/7/18,76.940002,115.290001,55.630001,105.779999
520,2/8/18,76.07,112.300003,53.240002000000004,101.040001
521,2/9/18,75.779999,113.5,52.02,100.07
522,2/12/18,76.41999799999999,113.980003,53.41,103.139999
523,2/13/18,76.300003,113.290001,53.32,102.470001
524,2/14/18,76.459999,113.629997,55.509997999999996,106.760002
525,2/15/18,76.209999,112.529999,54.540001000000004,107.690002
526,2/16/18,76.540001,112.139999,54.650002,107.639999
527,2/20/18,75.75,110.980003,54.84,107.959999
528,2/21/18,74.889999,109.059998,53.75,105.809998
529,2/22/18,75.860001,109.889999,54.91,107.089996
530,2/23/18,77.529999,112.589996,57.049999,108.83000200000001
531,2/26/18,78.839996,114.599998,56.59,109.489998
532,2/27/18,77.5,113.610001,55.830002,106.940002
533,2/28/18,75.739998,111.91999799999999,54.310001,101.41999799999999
534,3/1/18,75.199997,112.040001,53.880001,101.18
535,3/2/18,75.550003,111.639999,54.060001,101.449997
536,3/5/18,76.269997,113.150002,53.990002000000004,101.809998
537,3/6/18,76.18,113.650002,54.060001,101.010002
538,3/7/18,74.260002,113.839996,54.07,100.870003
539,3/8/18,74.120003,113.349998,53.57,100.589996
540,3/9/18,74.559998,117.220001,55.060001,102.800003
541,3/12/18,75.239998,116.790001,54.740002000000004,100.650002
542,3/13/18,74.529999,116.459999,53.959998999999996,100.050003
543,3/14/18,73.599998,115.129997,53.959998999999996,99.889999
544,3/15/18,74.41999799999999,115.58000200000001,54.029999,98.650002
545,3/16/18,75.120003,115.400002,54.93,100.449997
546,3/19/18,74.150002,113.889999,53.57,98.470001
547,3/20/18,73.989998,114.5,54.700001,101.33000200000001
548,3/21/18,75.040001,117.040001,57.040001000000004,104.779999
549,3/22/18,73.5,113.699997,56.5,104.290001
550,3/23/18,72.889999,112.980003,57.740002000000004,105.860001
551,3/26/18,74.0,115.349998,59.080002,107.57
552,3/27/18,73.699997,114.660004,59.139998999999996,106.33000200000001
553,3/28/18,72.809998,112.099998,58.73,103.82
554,3/29/18,74.610001,114.040001,59.290001000000004,105.269997
555,4/2/18,73.220001,112.239998,58.09,102.93
556,4/3/18,75.019997,114.83000200000001,60.029999,105.07
557,4/4/18,74.870003,114.480003,59.560001,104.16999799999999
558,4/5/18,76.019997,117.290001,60.459998999999996,104.379997
559,4/6/18,74.870003,114.760002,59.259997999999996,101.93
560,4/9/18,74.870003,115.980003,60.619999,103.379997
561,4/10/18,77.07,118.849998,62.34,107.660004
562,4/11/18,77.43,119.25,63.23,109.400002
563,4/12/18,77.220001,119.230003,63.240002000000004,109.980003
564,4/13/18,77.839996,119.91999799999999,64.900002,111.019997
565,4/16/18,78.540001,120.699997,65.730003,111.019997
566,4/17/18,78.33000200000001,121.459999,66.510002,111.150002
567,4/18/18,79.220001,123.82,66.41999799999999,112.849998
568,4/19/18,79.41999799999999,123.709999,66.309998,114.040001
569,4/20/18,79.0,122.309998,65.790001,113.970001
570,4/23/18,79.57,123.58000200000001,65.480003,114.839996
571,4/24/18,78.349998,122.540001,65.309998,114.589996
572,4/25/18,79.5,122.720001,65.059998,115.400002
573,4/26/18,80.860001,124.220001,66.970001,117.620003
574,4/27/18,77.790001,126.620003,64.949997,116.790001
575,4/30/18,77.75,125.110001,65.5,118.16999799999999
576,5/1/18,76.949997,124.860001,65.709999,117.559998
577,5/2/18,76.800003,125.489998,65.449997,116.650002
578,5/3/18,76.540001,126.010002,65.989998,116.010002
579,5/4/18,76.900002,125.529999,66.860001,114.660004
580,5/7/18,77.739998,124.940002,66.769997,113.889999
581,5/8/18,78.089996,126.57,67.739998,115.290001
582,5/9/18,79.93,128.720001,68.699997,117.790001
583,5/10/18,81.720001,128.820007,69.339996,118.949997
584,5/11/18,81.279999,129.83999599999999,69.440002,117.410004
585,5/14/18,81.83000200000001,130.389999,69.589996,118.68
586,5/15/18,81.790001,129.740005,70.089996,120.230003
587,5/16/18,82.019997,129.559998,69.849998,121.5
588,5/17/18,81.879997,129.46000700000002,70.660004,126.150002
589,5/18/18,81.300003,127.860001,69.550003,125.790001
590,5/21/18,82.279999,129.369995,70.660004,127.449997
591,5/22/18,81.639999,128.229996,70.129997,123.760002
592,5/23/18,82.150002,128.699997,69.120003,122.980003
593,5/24/18,80.269997,126.610001,68.449997,119.980003
594,5/25/18,78.709999,122.190002,65.470001,117.760002
595,5/29/18,78.41999799999999,121.389999,65.709999,116.209999
596,5/30/18,81.5,125.160004,68.050003,119.760002
597,5/31/18,81.239998,124.300003,67.389999,117.809998
598,6/1/18,81.83000200000001,123.849998,68.290001,118.349998
599,6/4/18,80.970001,122.260002,67.900002,118.66999799999999
600,6/5/18,80.68,122.730003,67.559998,116.58000200000001
601,6/6/18,82.059998,123.379997,67.879997,116.139999
602,6/7/18,82.879997,126.959999,69.480003,117.93
603,6/8/18,83.599998,126.440002,69.43,117.66999799999999
604,6/11/18,83.099998,127.559998,70.489998,118.010002
605,6/12/18,82.41999799999999,127.08000200000001,69.43,118.470001
606,6/13/18,81.510002,127.07,69.620003,118.25
607,6/14/18,81.889999,126.510002,68.129997,117.529999
608,6/15/18,80.660004,124.040001,65.360001,114.18
609,6/18/18,80.82,125.970001,66.599998,116.620003
610,6/19/18,80.699997,125.540001,66.260002,117.08000200000001
611,6/20/18,80.449997,125.290001,67.470001,119.43
612,6/21/18,79.690002,122.589996,65.110001,116.599998
613,6/22/18,81.379997,125.099998,67.779999,118.510002
614,6/25/18,79.739998,122.610001,66.139999,116.83000200000001
615,6/26/18,80.639999,124.160004,67.339996,119.68
616,6/27/18,81.709999,126.0,68.739998,123.93
617,6/28/18,81.970001,125.660004,68.410004,123.5
618,6/29/18,82.730003,126.43,69.620003,124.43
619,7/2/18,81.760002,124.25,68.589996,122.400002
620,7/3/18,82.239998,124.730003,69.559998,122.43
621,7/5/18,82.309998,123.980003,68.93,123.220001
622,7/6/18,82.33000200000001,124.139999,69.650002,124.349998
623,7/9/18,82.900002,125.989998,71.0,126.129997
624,7/10/18,83.660004,127.589996,71.739998,126.970001
625,7/11/18,82.589996,123.519997,70.050003,124.660004
626,7/12/18,82.690002,124.260002,71.449997,124.139999
627,7/13/18,83.309998,124.040001,72.0,125.959999
628,7/16/18,82.489998,122.980003,70.58000200000001,124.610001
629,7/17/18,82.309998,121.910004,70.279999,124.32
630,7/18/18,82.220001,121.529999,70.349998,123.58000200000001
631,7/19/18,82.010002,121.66999799999999,69.690002,122.389999
632,7/20/18,81.400002,122.269997,70.010002,122.349998
633,7/23/18,81.400002,121.33000200000001,69.980003,122.860001
634,7/24/18,83.010002,123.849998,70.849998,125.620003
635,7/25/18,83.589996,124.900002,71.510002,128.380005
636,7/26/18,84.239998,123.949997,71.800003,128.860001
637,7/27/18,81.91999799999999,125.970001,71.449997,129.149994
638,7/30/18,81.739998,127.83000200000001,72.269997,129.899994
639,7/31/18,81.510002,126.269997,72.16999799999999,128.940002
640,8/1/18,80.389999,125.389999,71.809998,125.57
641,8/2/18,79.910004,123.760002,71.559998,125.93
642,8/3/18,80.199997,124.050003,71.290001,122.410004
643,8/6/18,80.18,124.300003,71.730003,123.900002
644,8/7/18,81.269997,125.18,72.900002,124.43
645,8/8/18,80.730003,123.879997,71.389999,122.769997
646,8/9/18,80.32,122.529999,71.75,122.309998
647,8/10/18,79.41999799999999,123.339996,71.940002,122.769997
648,8/13/18,78.559998,122.440002,71.07,121.5
649,8/14/18,78.309998,122.58000200000001,72.150002,123.07
650,8/15/18,76.940002,117.940002,67.82,115.440002
651,8/16/18,78.0,117.660004,69.410004,115.910004
652,8/17/18,78.260002,117.800003,69.769997,114.769997
653,8/20/18,78.809998,117.75,70.519997,114.769997
654,8/21/18,78.83000200000001,117.940002,70.889999,115.489998
655,8/22/18,79.959999,118.91999799999999,72.0,117.32
656,8/23/18,79.08000200000001,118.099998,72.050003,116.400002
657,8/24/18,79.620003,119.010002,72.610001,117.459999
658,8/27/18,80.400002,120.349998,72.839996,118.650002
659,8/28/18,80.279999,119.860001,72.050003,117.970001
660,8/29/18,80.860001,120.220001,73.540001,118.779999
661,8/30/18,80.510002,119.809998,73.559998,118.910004
662,8/31/18,80.16999799999999,118.459999,73.43,118.230003
663,9/4/18,80.290001,118.870003,73.110001,117.68
664,9/5/18,81.360001,118.91999799999999,73.0,117.889999
665,9/6/18,80.459999,115.230003,70.540001,115.5
666,9/7/18,81.83000200000001,114.599998,70.220001,114.470001
667,9/10/18,81.709999,114.480003,71.150002,114.32
668,9/11/18,82.860001,115.019997,71.470001,116.220001
669,9/12/18,83.129997,115.790001,71.970001,116.940002
670,9/13/18,82.32,116.300003,72.550003,116.620003
671,9/14/18,82.91999799999999,117.379997,73.5,117.82
672,9/17/18,83.410004,117.510002,74.239998,117.540001
673,9/18/18,83.629997,118.129997,75.040001,119.449997
674,9/19/18,84.629997,119.510002,75.529999,120.16999799999999
675,9/20/18,84.82,119.41999799999999,75.360001,119.209999
676,9/21/18,85.16999799999999,121.129997,76.279999,119.459999
677,9/24/18,86.599998,122.620003,77.059998,123.989998
678,9/25/18,86.5,123.370003,78.110001,125.639999
679,9/26/18,85.779999,121.949997,77.279999,125.309998
680,9/27/18,85.769997,122.470001,77.519997,127.0
681,9/28/18,85.019997,122.279999,77.400002,127.57
682,10/1/18,85.809998,124.389999,79.889999,129.490005
683,10/2/18,86.459999,124.739998,78.279999,130.0
684,10/3/18,86.150002,125.309998,78.57,130.380005
685,10/4/18,85.58000200000001,124.949997,78.279999,130.229996
686,10/5/18,85.339996,125.33000200000001,78.389999,131.050003
687,10/8/18,86.129997,124.839996,78.279999,129.830002
688,10/9/18,86.510002,126.82,79.400002,132.350006
689,10/10/18,84.519997,122.599998,75.089996,126.470001
690,10/11/18,81.599998,118.43,72.790001,121.620003
691,10/12/18,81.379997,117.769997,73.83000200000001,122.18
692,10/15/18,80.82,116.940002,73.269997,122.57
693,10/16/18,81.199997,117.510002,73.800003,122.260002
694,10/17/18,81.5,117.290001,72.480003,120.139999
695,10/18/18,81.849998,117.470001,72.589996,118.550003
696,10/19/18,81.970001,118.139999,72.489998,117.66999799999999
697,10/22/18,81.150002,117.209999,72.050003,116.25
698,10/23/18,79.839996,113.400002,69.220001,111.120003
699,10/24/18,77.620003,110.209999,65.690002,106.139999
700,10/25/18,78.309998,111.58000200000001,68.019997,107.120003
701,10/26/18,77.529999,111.529999,68.480003,106.559998
702,10/29/18,77.050003,108.93,67.349998,102.040001
703,10/30/18,78.779999,110.849998,69.519997,105.510002
704,10/31/18,79.68,111.650002,69.900002,105.339996
705,11/1/18,80.66999799999999,111.16999799999999,69.58000200000001,106.889999
706,11/2/18,81.949997,114.730003,67.839996,102.349998
707,11/5/18,81.639999,118.940002,69.029999,106.349998
708,11/6/18,81.989998,118.900002,69.5,107.33000200000001
709,11/7/18,83.029999,120.870003,70.029999,109.150002
710,11/8/18,81.709999,119.360001,66.910004,104.849998
711,11/9/18,80.870003,119.510002,66.730003,105.510002
712,11/12/18,79.83000200000001,117.389999,65.139999,101.25
713,11/13/18,78.0,115.349998,63.720001,98.519997
714,11/14/18,77.389999,115.720001,64.120003,98.07
715,11/15/18,78.190002,116.949997,65.209999,101.589996
716,11/16/18,78.959999,119.059998,66.120003,105.199997
717,11/19/18,79.220001,119.41999799999999,66.440002,105.709999
718,11/20/18,76.970001,116.099998,63.990002000000004,102.360001
719,11/21/18,77.559998,117.57,65.480003,106.0
720,11/23/18,75.489998,113.599998,63.799999,100.699997
721,11/26/18,76.980003,114.980003,64.699997,102.540001
722,11/27/18,77.050003,115.209999,65.279999,101.949997
723,11/28/18,78.449997,118.139999,66.349998,103.769997
724,11/29/18,79.059998,118.849998,66.870003,105.470001
725,11/30/18,79.5,118.940002,66.18,103.309998
726,12/3/18,81.220001,120.66999799999999,69.110001,108.110001
727,12/4/18,79.43,117.239998,66.91999799999999,104.07
728,12/6/18,78.389999,115.910004,66.610001,102.129997
729,12/7/18,77.639999,115.489998,65.910004,103.610001
730,12/10/18,76.540001,114.940002,65.199997,101.709999
731,12/11/18,76.68,115.470001,65.440002,102.07
732,12/12/18,76.019997,115.620003,65.269997,103.93
733,12/13/18,76.980003,115.940002,66.129997,102.83000200000001
734,12/14/18,75.58000200000001,113.83000200000001,64.550003,100.08000200000001
735,12/17/18,74.040001,112.449997,63.119999,96.209999
736,12/18/18,72.0,109.739998,61.91,94.010002
737,12/19/18,70.779999,107.83000200000001,61.279999,92.980003
738,12/20/18,68.629997,104.980003,60.0,89.739998
739,12/21/18,68.120003,104.209999,59.799999,87.260002
740,12/24/18,65.510002,100.989998,57.009997999999996,82.860001
741,12/26/18,68.639999,107.389999,61.5,88.989998
742,12/27/18,68.940002,109.32,62.23,88.790001
743,12/28/18,68.16999799999999,108.650002,61.669998,87.519997
744,12/31/18,68.190002,108.790001,62.349998,87.209999
745,1/2/19,69.690002,110.690002,63.380001,90.610001
746,1/3/19,68.620003,108.57,62.18,89.970001
747,1/4/19,71.150002,110.82,63.75,93.91999799999999
748,1/7/19,71.519997,112.260002,63.470001,94.510002
749,1/8/19,72.040001,111.769997,64.32,95.519997
750,1/9/19,72.41999799999999,113.269997,66.449997,99.190002
751,1/10/19,72.050003,113.449997,67.940002,99.120003
752,1/11/19,71.720001,112.540001,66.389999,96.870003
753,1/14/19,71.629997,111.720001,65.610001,98.510002
754,1/15/19,71.66999799999999,112.120003,66.029999,98.589996
755,1/16/19,71.639999,111.400002,65.660004,98.66999799999999
756,1/17/19,72.129997,111.959999,67.059998,99.050003
757,1/18/19,72.989998,114.370003,67.900002,101.050003
758,1/22/19,71.889999,112.339996,65.75,96.860001
759,1/23/19,71.300003,111.389999,65.860001,96.57
760,1/24/19,71.400002,113.510002,66.120003,97.239998
761,1/25/19,71.720001,113.220001,66.989998,99.099998
762,1/28/19,71.239998,112.16999799999999,65.349998,98.099998
763,1/29/19,71.510002,111.83000200000001,65.300003,98.870003
764,1/30/19,72.290001,113.010002,65.690002,99.449997
765,1/31/19,73.279999,114.650002,67.690002,99.199997
766,2/1/19,75.91999799999999,118.370003,68.68,98.849998
767,2/4/19,74.82,119.739998,69.93,99.379997
768,2/5/19,75.589996,119.480003,69.260002,98.349998
769,2/6/19,75.260002,118.879997,69.110001,96.18
770,2/7/19,74.68,118.230003,67.480003,92.989998
771,2/8/19,73.980003,117.58000200000001,66.260002,92.5
772,2/11/19,74.099998,116.949997,66.739998,94.209999
773,2/12/19,75.400002,118.720001,67.449997,95.629997
774,2/13/19,76.25,119.57,67.779999,96.75
775,2/14/19,76.269997,118.160004,69.099998,96.959999
776,2/15/19,77.709999,119.349998,70.18,100.25
777,2/19/19,78.230003,119.309998,69.489998,99.709999
778,2/20/19,78.529999,120.279999,70.650002,98.779999
779,2/21/19,77.82,119.139999,70.239998,95.349998
780,2/22/19,78.41999799999999,119.389999,69.970001,95.529999
781,2/25/19,78.5,119.620003,69.25,94.75
782,2/26/19,78.660004,119.940002,68.91999799999999,93.910004
783,2/27/19,79.470001,120.08000200000001,69.220001,95.040001
784,2/28/19,79.029999,119.58000200000001,67.849998,94.0
785,3/1/19,80.0,122.029999,68.93,96.41999799999999
786,3/4/19,80.309998,122.120003,69.900002,96.809998
787,3/5/19,80.190002,123.290001,69.010002,95.5
788,3/6/19,79.279999,123.529999,68.290001,91.940002
789,3/7/19,80.160004,121.940002,67.949997,91.349998
790,3/8/19,79.010002,121.620003,65.43,86.440002
791,3/11/19,79.779999,123.620003,65.870003,86.260002
792,3/12/19,80.0,123.900002,65.629997,86.980003
793,3/13/19,80.709999,124.66999799999999,67.349998,88.57
794,3/14/19,80.440002,124.599998,67.019997,89.690002
795,3/15/19,80.150002,125.309998,67.589996,88.849998
796,3/18/19,81.08000200000001,125.879997,67.610001,91.91999799999999
797,3/19/19,80.870003,125.279999,67.349998,92.879997
798,3/20/19,81.32,124.690002,67.540001,95.889999
799,3/21/19,81.790001,125.860001,68.139999,96.870003
800,3/22/19,80.480003,123.089996,66.07,93.68
801,3/25/19,79.91999799999999,122.889999,67.07,92.779999
802,3/26/19,80.959999,124.129997,68.559998,94.769997
803,3/27/19,80.339996,122.790001,67.910004,94.589996
804,3/28/19,80.739998,123.019997,67.379997,95.239998
805,3/29/19,80.800003,123.18,66.739998,95.18
806,4/1/19,81.730003,124.940002,67.690002,96.940002
807,4/2/19,81.379997,124.93,66.349998,96.050003
808,4/3/19,80.900002,123.889999,65.510002,93.93
809,4/4/19,82.050003,124.800003,65.160004,93.66999799999999
810,4/5/19,82.489998,126.41999799999999,66.120003,98.629997
811,4/8/19,83.0,126.68,66.550003,99.480003
812,4/9/19,81.93,125.540001,65.699997,98.57
813,4/10/19,81.559998,125.489998,66.970001,98.730003
814,4/11/19,81.949997,125.989998,66.370003,98.730003
815,4/12/19,80.91999799999999,119.760002,67.370003,105.309998
816,4/15/19,80.650002,120.139999,66.339996,102.120003
817,4/16/19,81.199997,121.16999799999999,65.839996,102.349998
818,4/17/19,81.43,120.269997,65.779999,101.839996
819,4/18/19,81.129997,119.860001,65.900002,103.870003
820,4/22/19,82.900002,121.900002,66.959999,107.07
821,4/23/19,83.379997,122.019997,66.449997,106.599998
822,4/24/19,81.760002,118.279999,64.699997,103.940002
823,4/25/19,82.220001,117.900002,63.970001,102.08000200000001
824,4/26/19,80.489998,117.099998,62.779999,97.879997
825,4/29/19,79.970001,117.720001,62.650002,97.0
826,4/30/19,80.279999,120.059998,63.119999,96.050003
827,5/1/19,78.66999799999999,117.809998,62.669998,91.889999
828,5/2/19,77.290001,116.379997,61.290001000000004,89.16999799999999
829,5/3/19,77.470001,117.269997,62.009997999999996,90.900002
830,5/6/19,77.129997,118.400002,61.880001,91.239998
831,5/7/19,76.720001,118.269997,61.0,91.779999
832,5/8/19,76.839996,117.5,61.43,94.029999
833,5/9/19,76.769997,121.190002,61.540001000000004,94.239998
834,5/10/19,76.559998,121.989998,61.919998,95.0
835,5/13/19,75.709999,120.440002,61.189999,93.5
836,5/14/19,75.809998,121.639999,62.32,94.339996
837,5/15/19,76.370003,122.139999,62.040001000000004,94.360001
838,5/16/19,76.360001,120.800003,62.57,95.18
839,5/17/19,75.910004,120.519997,62.099998,93.019997
840,5/20/19,75.900002,120.839996,62.450001,93.68
841,5/21/19,76.25,121.339996,63.619999,95.629997
842,5/22/19,75.559998,120.57,63.049999,92.910004
843,5/23/19,73.790001,117.870003,59.5,88.849998
844,5/24/19,74.099998,118.709999,59.880001,87.160004
845,5/28/19,72.610001,118.309998,60.049999,87.110001
846,5/29/19,72.160004,116.769997,60.139998999999996,86.43
847,5/30/19,71.970001,115.379997,58.950001,83.959999
848,5/31/19,70.769997,113.849998,58.959998999999996,81.879997
849,6/3/19,71.879997,115.989998,59.419998,82.949997
850,6/4/19,73.589996,117.300003,59.099998,84.279999
851,6/5/19,72.980003,117.650002,57.080002,82.029999
852,6/6/19,74.309998,120.68,58.200001,84.269997
853,6/7/19,74.58000200000001,121.480003,58.959998999999996,84.599998
854,6/10/19,74.910004,122.290001,59.259997999999996,85.199997
855,6/11/19,74.839996,121.16999799999999,58.73,86.5
856,6/12/19,74.029999,120.190002,58.549999,85.029999
857,6/13/19,74.68,120.910004,59.060001,86.489998
858,6/14/19,74.349998,120.809998,58.82,85.16999799999999
859,6/17/19,75.089996,121.389999,59.009997999999996,85.470001
860,6/18/19,75.739998,122.93,59.830002,88.300003
861,6/19/19,75.32,122.889999,59.650002,88.650002
862,6/20/19,76.610001,124.279999,60.700001,91.449997
863,6/21/19,77.690002,124.93,60.330002,92.370003
864,6/24/19,76.949997,124.910004,60.52,90.559998
865,6/25/19,76.269997,123.639999,59.77,90.040001
866,6/26/19,76.599998,123.93,62.75,93.089996
867,6/27/19,75.82,123.110001,61.27,92.110001
868,6/28/19,76.629997,124.440002,61.0,93.160004
869,7/1/19,76.559998,124.839996,62.25,93.089996
870,7/2/19,75.720001,122.93,60.099998,87.559998
871,7/3/19,76.440002,123.349998,60.5,87.199997
872,7/5/19,76.129997,123.540001,59.900002,88.57
873,7/8/19,76.480003,123.599998,59.889998999999996,90.150002
874,7/9/19,76.43,123.349998,59.889998999999996,89.150002
875,7/10/19,77.510002,125.440002,61.209998999999996,90.660004
876,7/11/19,77.57,125.43,61.459998999999996,90.839996
877,7/12/19,77.629997,125.980003,61.759997999999996,90.900002
878,7/15/19,77.08000200000001,125.720001,60.650002,88.75
879,7/16/19,75.93,124.760002,59.75,87.0
880,7/17/19,75.480003,124.139999,59.779999,85.190002
881,7/18/19,74.839996,124.68,60.32,85.43
882,7/19/19,74.989998,125.040001,60.330002,87.040001
883,7/22/19,75.07,125.309998,60.439999,87.209999
884,7/23/19,75.370003,125.82,60.279999,87.589996
885,7/24/19,75.360001,126.540001,60.080002,87.68
886,7/25/19,74.93,125.629997,59.040001000000004,85.470001
887,7/26/19,74.809998,123.720001,58.75,84.290001
888,7/29/19,75.339996,124.230003,58.189999,83.91999799999999
889,7/30/19,75.349998,124.339996,59.509997999999996,86.059998
890,7/31/19,74.360001,123.110001,59.080002,85.849998
891,8/1/19,72.459999,120.739998,58.799999,81.07
892,8/2/19,71.75,120.730003,56.470001,82.459999
893,8/5/19,70.279999,118.739998,54.68,79.0
894,8/6/19,70.959999,119.379997,54.23,78.279999
895,8/7/19,70.5,119.099998,53.32,77.550003
896,8/8/19,72.379997,123.230003,55.07,80.360001
897,8/9/19,70.839996,122.41999799999999,54.009997999999996,79.370003
898,8/12/19,69.629997,121.550003,53.119999,77.91999799999999
899,8/13/19,70.489998,122.389999,53.869999,78.519997
900,8/14/19,67.650002,117.739998,51.779999,75.019997
901,8/15/19,67.25,116.949997,50.91,74.940002
902,8/16/19,68.300003,115.809998,51.470001,75.91999799999999
903,8/19/19,69.449997,117.309998,53.939999,77.809998
904,8/20/19,69.029999,116.129997,52.709998999999996,76.690002
905,8/21/19,69.720001,117.879997,52.630001,77.220001
906,8/22/19,69.57,117.730003,52.259997999999996,75.510002
907,8/23/19,67.489998,115.18,50.419998,71.75
908,8/26/19,67.849998,115.739998,51.369999,72.25
909,8/27/19,67.190002,115.83000200000001,50.98,71.660004
910,8/28/19,67.68,116.83000200000001,51.950001,72.529999
911,8/29/19,68.43,117.519997,52.290001000000004,74.480003
912,8/30/19,68.480003,117.720001,52.18,74.190002
913,9/3/19,68.559998,116.269997,52.040001000000004,74.129997
914,9/4/19,69.290001,117.25,53.299999,75.57
915,9/5/19,70.269997,117.639999,53.439999,75.599998
916,9/6/19,70.93,118.260002,53.630001,76.440002
917,9/9/19,71.489998,119.389999,54.970001,80.0
918,9/10/19,72.07,121.849998,56.32,80.099998
919,9/11/19,71.93,121.279999,57.200001,81.029999
920,9/12/19,71.980003,121.41999799999999,56.349998,79.68
921,9/13/19,72.639999,121.5,57.34,79.389999
922,9/16/19,73.730003,124.120003,62.529999,85.639999
923,9/17/19,73.16999799999999,123.889999,61.220001,81.220001
924,9/18/19,72.82,124.18,60.009997999999996,81.32
925,9/19/19,72.33000200000001,123.660004,59.970001,81.610001
926,9/20/19,72.08000200000001,124.32,60.82,81.0
927,9/23/19,72.129997,124.900002,60.18,80.129997
928,9/24/19,71.139999,123.739998,59.299999,78.559998
929,9/25/19,71.349998,123.510002,59.48,76.769997
930,9/26/19,70.970001,120.160004,57.68,75.089996
931,9/27/19,71.480003,118.599998,57.900002,74.980003
932,9/30/19,70.610001,118.599998,56.98,74.220001
933,10/1/19,68.949997,116.010002,55.150002,71.58000200000001
934,10/2/19,67.150002,112.290001,53.07,69.800003
935,10/3/19,67.980003,113.150002,53.66,70.839996
936,10/4/19,68.970001,113.849998,53.5,70.91999799999999
937,10/7/19,68.019997,113.260002,54.599998,69.760002
938,10/8/19,66.699997,111.709999,53.900002,68.730003
939,10/9/19,67.440002,113.139999,54.939999,68.589996
940,10/10/19,68.25,114.589996,55.880001,68.910004
941,10/11/19,68.980003,116.150002,56.43,69.25
942,10/14/19,69.18,116.18,56.130001,68.190002
943,10/15/19,69.41999799999999,116.309998,55.950001,69.25
944,10/16/19,68.230003,115.110001,54.610001000000004,68.18
945,10/17/19,68.139999,115.349998,54.529999,66.769997
946,10/18/19,67.610001,114.739998,53.950001,64.440002
947,10/21/19,68.739998,116.610001,55.959998999999996,67.660004
948,10/22/19,69.089996,117.800003,56.540001000000004,69.57
949,10/23/19,69.75,117.980003,56.25,71.940002
950,10/24/19,69.089996,117.58000200000001,56.16,71.970001
951,10/25/19,69.25,118.66999799999999,56.349998,72.480003
952,10/28/19,68.639999,118.480003,55.68,71.050003
953,10/29/19,68.440002,118.129997,57.09,71.809998
954,10/30/19,67.720001,116.360001,55.040001000000004,69.620003
955,10/31/19,67.57,116.139999,55.200001,69.309998
956,11/1/19,69.599998,116.209999,57.150002,71.150002
957,11/4/19,71.66999799999999,121.57,58.0,73.690002
958,11/5/19,73.089996,121.940002,58.509997999999996,74.010002
959,11/6/19,71.489998,119.900002,57.630001,71.41999799999999
960,11/7/19,73.010002,121.889999,59.540001000000004,74.739998
961,11/8/19,70.769997,120.93,59.16,74.699997
962,11/11/19,70.339996,120.809998,58.91,73.82
963,11/12/19,69.370003,120.959999,58.23,73.290001
964,11/13/19,68.800003,122.279999,57.560001,72.610001
965,11/14/19,68.5,121.959999,57.25,72.349998
966,11/15/19,69.190002,120.639999,58.25,73.480003
967,11/18/19,68.519997,118.550003,56.700001,71.260002
968,11/19/19,67.82,116.449997,57.169998,70.400002
969,11/20/19,68.029999,117.339996,59.360001000000004,72.059998
970,11/21/19,69.66999799999999,118.769997,60.209998999999996,73.32
971,11/22/19,69.370003,118.629997,59.900002,72.989998
972,11/25/19,68.910004,118.379997,61.049999,73.519997
973,11/26/19,68.739998,117.790001,60.110001000000004,71.910004
974,11/27/19,68.699997,118.07,60.34,72.349998
975,11/29/19,68.129997,117.129997,59.939999,70.900002
976,12/2/19,68.41999799999999,116.800003,60.369999,70.790001
977,12/3/19,67.879997,115.889999,58.889998999999996,68.779999
978,12/4/19,68.650002,116.940002,60.630001,72.050003
979,12/5/19,68.410004,116.33000200000001,59.84,70.589996
980,12/6/19,69.510002,118.010002,61.970001,73.959999
981,12/9/19,69.660004,117.300003,61.830002,74.510002
982,12/10/19,69.059998,117.889999,61.759997999999996,74.839996
983,12/11/19,68.959999,116.230003,61.68,74.66999799999999
984,12/12/19,70.339996,118.809998,62.59,76.709999
985,12/13/19,69.230003,117.959999,62.700001,75.489998
986,12/16/19,70.0,119.360001,62.82,77.910004
987,12/17/19,69.68,118.599998,63.52,78.809998
988,12/18/19,69.870003,118.550003,63.200001,80.589996
989,12/19/19,69.389999,118.129997,63.189999,81.25
990,12/20/19,69.940002,119.68,63.720001,82.660004
991,12/23/19,70.290001,120.33000200000001,64.599998,83.379997
992,12/24/19,70.019997,120.339996,64.66999799999999,83.809998
993,12/26/19,70.129997,120.599998,65.0,83.650002
994,12/27/19,69.889999,120.300003,64.980003,83.139999
995,12/30/19,69.480003,119.849998,64.610001,82.389999
996,12/31/19,69.779999,120.510002,65.029999,83.760002
997,1/2/20,70.900002,121.43,65.459999,84.139999
998,1/3/20,70.33000200000001,121.010002,65.699997,84.989998
999,1/6/20,70.870003,120.599998,66.480003,88.440002
1000,1/7/20,70.290001,119.059998,66.480003,89.290001
1001,1/8/20,69.230003,117.699997,64.940002,87.339996
1002,1/9/20,69.760002,117.510002,66.07,88.25
1003,1/10/20,69.139999,116.440002,65.41999799999999,86.269997
1004,1/13/20,69.800003,116.660004,65.129997,85.519997
1005,1/14/20,69.199997,116.300003,65.139999,86.33000200000001
1006,1/15/20,69.089996,116.129997,65.0,86.739998
1007,1/16/20,68.82,116.889999,65.07,87.019997
1008,1/17/20,68.559998,115.58000200000001,65.07,85.309998
1009,1/21/20,67.58000200000001,113.309998,64.029999,84.040001
1010,1/22/20,67.190002,112.900002,63.009997999999996,83.089996
1011,1/23/20,66.769997,113.099998,63.139998999999996,81.83000200000001
1012,1/24/20,66.32,111.849998,62.619999,79.849998
1013,1/27/20,64.739998,110.389999,61.040001000000004,76.639999
1014,1/28/20,64.650002,111.120003,61.18,77.050003
1015,1/29/20,64.110001,110.370003,60.490002000000004,75.139999
1016,1/30/20,64.790001,111.400002,60.889998999999996,75.82
1017,1/31/20,62.119999,107.139999,59.43,72.910004
1018,2/3/20,60.73,106.279999,59.18,71.370003
1019,2/4/20,59.970001,106.849998,56.490002000000004,73.620003
1020,2/5/20,62.73,110.279999,58.779999,77.050003
1021,2/6/20,61.880001,109.489998,58.41,75.870003
1022,2/7/20,61.470001,108.940002,57.990002000000004,74.349998
1023,2/10/20,59.959998999999996,109.790001,57.869999,73.699997
1024,2/11/20,60.529999,111.209999,58.709998999999996,74.790001
1025,2/12/20,61.27,112.040001,59.759997999999996,75.379997
1026,2/13/20,60.93,111.660004,58.82,75.68
1027,2/14/20,60.650002,110.08000200000001,58.619999,74.91999799999999
1028,2/18/20,59.880001,110.239998,58.299999,74.529999
1029,2/19/20,60.34,110.739998,59.259997999999996,77.279999
1030,2/20/20,59.860001000000004,109.809998,58.880001,75.989998
1031,2/21/20,59.130001,109.010002,58.439999,74.209999
1032,2/24/20,56.360001000000004,104.709999,56.380001,69.910004
1033,2/25/20,54.200001,100.709999,53.830002,66.989998
1034,2/26/20,53.009997999999996,98.040001,51.169998,63.200001
1035,2/27/20,49.82,94.129997,47.130001,60.0
1036,2/28/20,51.439999,93.339996,48.419998,63.259997999999996
1037,3/2/20,53.880001,96.589996,49.23,62.860001000000004
1038,3/3/20,51.299999,94.389999,48.119999,62.43
1039,3/4/20,52.419998,98.529999,49.43,64.08000200000001
1040,3/5/20,50.110001000000004,97.190002,47.700001,61.869999
1041,3/6/20,47.689999,95.32,45.330002,55.299999
1042,3/9/20,41.860001000000004,80.66999799999999,34.07,37.599998
1043,3/10/20,43.41,84.980003,34.880001,41.599998
1044,3/11/20,41.98,83.029999,32.560001,38.860001000000004
1045,3/12/20,37.18,76.260002,28.200001,32.5
1046,3/13/20,38.119999,83.41999799999999,31.379998999999998,34.799999
1047,3/16/20,34.490002000000004,69.699997,26.08,31.1
1048,3/17/20,36.810001,70.690002,26.25,30.889999
1049,3/18/20,33.119999,55.049999,22.67,29.76
1050,3/19/20,34.43,57.389998999999996,25.59,33.220001
1051,3/20/20,32.740002000000004,59.389998999999996,26.84,34.889998999999996
1052,3/23/20,31.450001,54.220001,24.549999,34.540001000000004
1053,3/24/20,35.439999,66.550003,30.74,39.799999
1054,3/25/20,37.290001000000004,69.269997,30.940001000000002,39.689999
1055,3/26/20,38.82,76.379997,32.09,39.529999
1056,3/27/20,36.950001,68.779999,29.25,36.0
1057,3/30/20,37.5,71.949997,29.290001,34.98
1058,3/31/20,37.970001,72.459999,30.799999,35.919998
1059,4/1/20,37.529999,68.559998,29.620001000000002,34.599998
1060,4/2/20,40.400002,76.120003,33.860001000000004,38.299999
1061,4/3/20,39.209998999999996,75.110001,32.91,39.889998999999996
1062,4/6/20,40.470001,80.389999,32.799999,39.43
1063,4/7/20,41.240002000000004,80.91999799999999,33.27,41.330002
1064,4/8/20,43.849998,85.980003,35.68,45.290001000000004
1065,4/9/20,43.130001,84.309998,34.73,44.82
1066,4/13/20,42.759997999999996,84.910004,34.299999,43.290001000000004
1067,4/14/20,42.43,84.610001,34.080002,42.23
1068,4/15/20,40.48,82.489998,32.200001,39.889998999999996
1069,4/16/20,39.150002,79.989998,31.07,36.52
1070,4/17/20,43.220001,87.16999799999999,35.259997999999996,41.84
1071,4/20/20,41.18,83.57,34.57,41.169998
1072,4/21/20,40.959998999999996,81.639999,33.189999,40.5
1073,4/22/20,42.130001,84.440002,34.98,43.150002
1074,4/23/20,43.450001,86.800003,36.18,44.220001
1075,4/24/20,43.73,87.010002,36.09,43.360001000000004
1076,4/27/20,43.939999,89.709999,37.150002,44.540001000000004
1077,4/28/20,44.970001,89.910004,38.48,44.98
1078,4/29/20,47.459998999999996,94.620003,42.209998999999996,47.720001
1079,4/30/20,46.470001,92.0,42.099998,47.509997999999996
1080,5/1/20,43.139998999999996,89.440002,39.139998999999996,44.57
1081,5/4/20,44.880001,91.440002,40.360001000000004,46.740002000000004
1082,5/5/20,44.830002,92.889999,40.919998,46.049999
1083,5/6/20,43.990002000000004,90.050003,40.490002000000004,45.84
1084,5/7/20,44.240002000000004,92.639999,42.419998,48.310001
1085,5/8/20,46.18,95.470001,43.080002,51.450001
1086,5/11/20,45.740002000000004,93.370003,42.27,49.84
1087,5/12/20,44.119999,91.099998,41.580002,49.720001
1088,5/13/20,41.93,88.699997,39.889998999999996,48.200001
1089,5/14/20,42.299999,90.050003,39.93,47.560001
1090,5/15/20,42.0,89.160004,40.869999,47.68
1091,5/18/20,45.34,92.550003,43.599998,52.439999
1092,5/19/20,43.939999,89.620003,42.669998,50.66
1093,5/20/20,45.369999,93.0,44.150002,52.650002
1094,5/21/20,44.560001,92.040001,43.720001,52.32
1095,5/22/20,44.599998,90.279999,43.279999,52.279999
1096,5/26/20,45.91,93.300003,43.669998,51.439999
1097,5/27/20,46.240002000000004,93.900002,44.669998,52.73
1098,5/28/20,45.040001000000004,90.870003,43.009997999999996,51.639998999999996
1099,5/29/20,45.470001,91.699997,42.18,50.970001
1100,6/1/20,46.279999,92.790001,43.389998999999996,51.810001
1101,6/2/20,47.310001,94.690002,44.200001,54.810001
1102,6/3/20,49.240002000000004,97.18,45.119999,55.369999
1103,6/4/20,49.099998,96.279999,44.709998999999996,55.150002
1104,6/5/20,53.080002,100.809998,48.59,59.310001
1105,6/8/20,54.740002000000004,103.239998,50.310001,62.110001000000004
1106,6/9/20,53.52,101.529999,48.630001,59.470001
1107,6/10/20,50.650002,97.58000200000001,45.91,55.630001
1108,6/11/20,46.18,89.370003,42.119999,51.150002
1109,6/12/20,47.169998,92.389999,43.73,52.57
1110,6/15/20,47.139998999999996,91.230003,43.349998,52.209998999999996
1111,6/16/20,48.200001,94.029999,45.110001000000004,54.599998
1112,6/17/20,46.630001,91.540001,44.02,52.48
1113,6/18/20,46.919998,91.940002,44.450001,52.93
1114,6/19/20,45.98,90.629997,43.700001,52.299999
1115,6/22/20,46.419998,91.589996,43.560001,52.419998
1116,6/23/20,46.700001,91.440002,43.810001,52.459998999999996
1117,6/24/20,44.5,87.639999,40.990002000000004,48.950001
1118,6/25/20,45.169998,89.209999,42.060001,50.73
1119,6/26/20,43.619999,86.459999,40.349998,48.759997999999996
1120,6/29/20,44.32,87.66999799999999,41.299999,49.650002
1121,6/30/20,44.720001,89.230003,42.02,50.66
1122,7/1/20,43.709998999999996,87.620003,40.740002000000004,49.860001000000004
1123,7/2/20,44.080002,88.309998,41.779999,50.52
1124,7/6/20,44.389998999999996,88.57,41.630001,50.41
1125,7/7/20,43.240002000000004,86.309998,40.639998999999996,48.110001000000004
1126,7/8/20,43.139998999999996,86.349998,41.040001000000004,47.439999
1127,7/9/20,41.360001000000004,82.739998,38.349998,44.34
1128,7/10/20,42.650002,85.230003,39.689999,45.400002
1129,7/13/20,42.66,85.400002,39.66,44.950001
1130,7/14/20,44.07,88.349998,41.310001,47.279999
1131,7/15/20,44.630001,88.889999,41.619999,47.459998999999996
1132,7/16/20,44.279999,88.360001,41.59,47.82
1133,7/17/20,43.52,87.190002,39.959998999999996,47.16
1134,7/20/20,42.5,85.269997,39.330002,47.700001
1135,7/21/20,44.650002,91.389999,41.66,50.419998
1136,7/22/20,43.610001000000004,91.040001,40.889998999999996,50.189999
1137,7/23/20,43.700001,91.010002,40.459998999999996,48.849998
1138,7/24/20,43.43,90.129997,40.279999,49.040001000000004
1139,7/27/20,44.07,91.040001,39.77,48.560001
1140,7/28/20,43.549999,89.110001,38.959998999999996,47.27
1141,7/29/20,44.029999,90.07,39.939999,48.5
1142,7/30/20,41.869999,86.269997,37.639998999999996,46.580002
1143,7/31/20,42.080002,83.940002,37.389998999999996,46.849998
1144,8/3/20,42.25,84.809998,36.709998999999996,46.369999
1145,8/4/20,43.470001,86.489998,37.639998999999996,48.459998999999996
1146,8/5/20,43.849998,87.199997,38.02,50.75
1147,8/6/20,43.639998999999996,87.470001,38.049999,50.889998999999996
1148,8/7/20,43.439999,86.800003,38.299999,48.810001
1149,8/10/20,44.509997999999996,89.730003,39.639998999999996,50.459998999999996
1150,8/11/20,44.970001,89.620003,39.709998999999996,49.419998
1151,8/12/20,44.09,90.720001,41.66,49.09
1152,8/13/20,43.009997999999996,89.82,40.630001,47.419998
1153,8/14/20,43.200001,90.349998,40.82,47.970001
1154,8/17/20,42.639998999999996,90.769997,40.700001,46.540001000000004
1155,8/18/20,42.43,87.629997,40.330002,46.349998
1156,8/19/20,41.959998999999996,86.389999,39.650002,45.610001000000004
1157,8/20/20,41.32,84.809998,38.77,44.099998
1158,8/21/20,41.009997999999996,85.08000200000001,38.16,43.389998999999996
1159,8/24/20,42.220001,87.199997,38.869999,44.330002
1160,8/25/20,40.880001,86.129997,38.849998,44.380001
1161,8/26/20,40.009997999999996,84.779999,37.560001,43.259997999999996
1162,8/27/20,39.740002000000004,84.910004,38.150002,44.950001
1163,8/28/20,40.689999,85.629997,38.380001,46.209998999999996
1164,8/31/20,39.939999,83.93,37.889998999999996,45.34
1165,9/1/20,39.43,83.08000200000001,37.16,45.209998999999996
1166,9/2/20,39.189999,83.190002,36.380001,43.700001
1167,9/3/20,39.110001000000004,82.279999,35.990002000000004,43.130001
1168,9/4/20,39.080002,81.93,35.860001000000004,43.139998999999996
1169,9/8/20,38.18,78.970001,34.060001,40.830002
1170,9/9/20,37.950001,80.029999,34.459998999999996,41.860001000000004
1171,9/10/20,37.0,78.150002,32.919998,38.0
1172,9/11/20,36.900002,77.690002,33.110001000000004,39.049999
1173,9/14/20,36.66,77.290001,33.52,39.169998
1174,9/15/20,36.27,76.349998,33.799999,38.59
1175,9/16/20,37.810001,78.559998,35.080002,40.860001000000004
1176,9/17/20,37.799999,78.790001,36.09,41.189999
1177,9/18/20,37.189999,78.209999,35.869999,40.709998999999996
1178,9/21/20,36.43,76.300003,34.360001000000004,38.810001
1179,9/22/20,35.529999,75.529999,34.299999,38.450001
1180,9/23/20,34.389998999999996,71.949997,32.919998,36.380001
1181,9/24/20,34.32,71.800003,33.599998,36.650002
1182,9/25/20,34.639998999999996,71.83000200000001,33.700001,37.450001
1183,9/28/20,35.310001,73.93,33.709998999999996,37.439999
1184,9/29/20,34.279999,71.900002,32.459998999999996,36.189999
1185,9/30/20,34.330002,72.0,32.84,35.939999
1186,10/1/20,33.130001,70.41999799999999,32.43,34.860001000000004
1187,10/2/20,32.98,71.190002,33.07,34.810001
1188,10/5/20,33.740002000000004,72.699997,34.279999,36.459998999999996
1189,10/6/20,33.389998999999996,72.300003,33.299999,35.990002000000004
1190,10/7/20,33.5,73.779999,34.330002,36.709998999999996
1191,10/8/20,35.259997999999996,75.220001,35.529999,37.669998
1192,10/9/20,34.740002000000004,74.0,35.130001,37.560001
1193,10/12/20,34.630001,74.510002,35.59,38.209998999999996
1194,10/13/20,34.220001,73.400002,34.880001,38.639998999999996
1195,10/14/20,34.150002,72.949997,34.529999,37.619999
1196,10/15/20,34.450001,73.510002,35.400002,38.080002
1197,10/16/20,34.099998,72.889999,33.77,37.419998
1198,10/19/20,33.419998,71.279999,32.700001,36.189999
1199,10/20/20,33.700001,71.68,32.580002,36.279999
1200,10/21/20,33.16,70.870003,30.639999,35.119999
1201,10/22/20,34.860001000000004,73.400002,31.91,36.93
1202,10/23/20,34.16,72.57,32.540001000000004,37.509997999999996
1203,10/26/20,33.349998,70.940002,30.32,34.93
1204,10/27/20,32.82,69.510002,30.26,34.580002
1205,10/28/20,31.57,66.879997,28.790001,32.509997999999996
1206,10/29/20,32.970001,68.800003,29.16,33.970001
1207,10/30/20,32.619999,69.5,28.620001000000002,34.240002000000004
1208,11/2/20,33.990002000000004,72.150002,30.23,35.150002
1209,11/3/20,33.41,71.739998,29.309998999999998,35.02
1210,11/4/20,33.23,71.769997,30.379998999999998,36.040001000000004
1211,11/5/20,33.169998,72.139999,30.120001000000002,35.599998
1212,11/6/20,32.779999,71.150002,29.190001000000002,34.580002
1213,11/9/20,36.93,79.400002,33.380001,40.310001
1214,11/10/20,36.860001000000004,83.07,35.529999,42.189999
1215,11/11/20,36.48,82.459999,35.279999,41.91
1216,11/12/20,35.23,80.66999799999999,34.009997999999996,40.490002000000004
1217,11/13/20,36.080002,83.029999,35.360001000000004,42.669998
1218,11/16/20,38.16,88.959999,38.080002,45.349998
1219,11/17/20,38.669998,87.040001,38.849998,45.669998
1220,11/18/20,37.209998999999996,84.279999,39.18,44.93
1221,11/19/20,37.400002,85.730003,39.470001,45.459998999999996
1222,11/20/20,36.939999,85.790001,39.650002,45.389998999999996
1223,11/23/20,39.360001000000004,91.029999,42.709998999999996,50.380001
1224,11/24/20,41.98,95.620003,44.41,54.419998
1225,11/25/20,40.810001,92.139999,43.630001,53.0
1226,11/27/20,40.189999,91.309998,42.779999,51.43
1227,11/30/20,38.130001,87.18,39.560001,46.880001
1228,12/1/20,38.5,87.449997,39.27,46.529999
1229,12/2/20,39.939999,89.870003,39.970001,47.82
1230,12/3/20,40.209998999999996,89.800003,41.200001,48.169998
1231,12/4/20,41.68,93.279999,44.27,53.0
1232,12/7/20,40.900002,90.760002,42.82,51.57
1233,12/8/20,42.240002000000004,91.540001,42.68,52.150002
1234,12/9/20,42.799999,90.440002,42.700001,52.959998999999996
1235,12/10/20,44.009997999999996,93.349998,44.0,54.68
1236,12/11/20,43.799999,92.449997,43.48,53.599998
1237,12/14/20,42.220001,89.440002,42.32,52.080002
1238,12/15/20,43.040001000000004,89.370003,42.799999,53.16
1239,12/16/20,43.700001,88.690002,42.32,52.700001
1240,12/17/20,43.48,88.410004,41.970001,52.150002
1241,12/18/20,42.73,87.190002,40.98,51.77
1242,12/21/20,41.950001,86.089996,40.240002000000004,50.080002
1243,12/22/20,41.240002000000004,84.360001,39.029999,48.849998
1244,12/23/20,41.77,85.690002,40.080002,50.080002
1245,12/24/20,41.599998,85.33000200000001,39.490002000000004,49.599998
1246,12/28/20,41.740002000000004,84.900002,39.299999,48.939999
1247,12/29/20,41.27,84.610001,39.07,48.669998
1248,12/30/20,41.599998,85.33000200000001,40.009997999999996,50.560001
1249,12/31/20,41.220001,84.449997,39.990002000000004,49.869999
1250,1/4/21,41.5,84.709999,39.57,49.860001000000004
1251,1/5/21,43.5,87.0,41.84,53.919998
1252,1/6/21,44.610001000000004,89.800003,43.509997999999996,55.060001
1253,1/7/21,44.959998999999996,90.220001,44.700001,58.619999
1254,1/8/21,45.459998999999996,91.08000200000001,44.700001,58.869999
1255,1/11/21,46.84,91.599998,45.360001000000004,59.610001000000004
1256,1/12/21,47.880001,93.339996,47.419998,62.439999
1257,1/13/21,48.419998,93.25,47.029999,60.470001
1258,1/14/21,50.310001,95.489998,47.869999,62.240002000000004
1259,1/15/21,47.889998999999996,92.089996,45.119999,59.189999
1260,1/19/21,48.84,94.510002,46.0,60.48
1261,1/20/21,49.529999,95.379997,45.360001000000004,60.200001
1262,1/21/21,48.110001000000004,92.010002,43.189999,55.029999
1263,1/22/21,47.43,91.730003,42.689999,54.860001000000004
1264,1/25/21,46.900002,90.900002,42.580002,55.200001
1265,1/26/21,45.869999,89.360001,41.68,53.490002000000004
1266,1/27/21,45.349998,88.199997,40.650002,55.009997999999996
1267,1/28/21,46.060001,89.019997,41.110001000000004,53.720001
1268,1/29/21,44.84,85.199997,40.029999,50.959998999999996
1269,2/1/21,44.919998,86.410004,40.709998999999996,51.330002
1270,2/2/21,45.630001,87.059998,40.970001,51.259997999999996
1271,2/3/21,47.419998,88.959999,43.209998999999996,55.880001
1272,2/4/21,48.330002,89.0,44.009997999999996,57.470001
1273,2/5/21,49.950001,89.260002,44.419998,56.610001000000004
1274,2/8/21,52.099998,91.480003,46.779999,59.41
1275,2/9/21,50.630001,90.959999,46.880001,58.220001
1276,2/10/21,51.119999,92.519997,47.25,60.209998999999996
